<?xml version="1.0" encoding="UTF-8"?>
<beans xmlns="http://www.springframework.org/schema/beans"
       xmlns:xsi="http://www.w3.org/2001/XMLSchema-instance" xmlns:c="http://www.springframework.org/schema/c"
       xmlns:context="http://www.springframework.org/schema/context"
       xmlns:aop="http://www.springframework.org/schema/aop"
       xsi:schemaLocation="http://www.springframework.org/schema/beans http://www.springframework.org/schema/beans/spring-beans.xsd http://www.springframework.org/schema/context http://www.springframework.org/schema/context/spring-context.xsd http://www.springframework.org/schema/aop http://www.springframework.org/schema/aop/spring-aop.xsd">

    <!--<bean id="disc" class="org.springframework.beans.factory.config.PropertyPlaceholderConfigurer">-->
    <!--<property name="location">-->
    <!--<value>app.properties</value>-->
    <!--</property>-->
    <!--</bean>-->

    <context:component-scan base-package="com.bean.assemble"/>

    <context:property-placeholder location="classpath:app.properties"/>

    <aop:aspectj-autoproxy/>

    <bean class="com.bean.assemble.Audience"/>

    <!--<bean id="disc" class="com.bean.assemble.BlankDisc">-->
        <!--<property name="artist" value="${disc.artist}"/>-->
        <!--<property name="title" value="${disc.title}"/>-->
    <!--</bean>-->
    <!--<bean id="disc" class="com.bean.assemble.BlankDisc">-->
        <!--<constructor-arg index="0" value="${disc.artist}"/>-->
        <!--<constructor-arg index="1" value="${disc.title}"/>-->
    <!--</bean>-->
</beans>